﻿Designator,Footprint,Quantity,Value,LCSC Part #
C1,C_Disc_D5.0mm_W2.5mm_P5.00mm,1,100nF,
C2,CP_Radial_D8.0mm_P2.50mm,1,100uF,
D1,D_DO-35_SOD27_P10.16mm_Horizontal,1,1N4001,
"D2, D3",D_DO-35_SOD27_P7.62mm_Horizontal,2,1N4148,
D4,LED_D3.0mm_Clear,1,ENABLED,
J1,JST_EH_B2B-EH-A_1x02_P2.50mm_Vertical,1,+5V Power to rotory encoder,
J2,JST_EH_B2B-EH-A_1x02_P2.50mm_Vertical,1,Rotory Encoder,
J3,TerminalBlock_Altech_AK300-2_P5.00mm,1,+12V Power,
J4,TerminalBlock_Altech_AK300-2_P5.00mm,1,Motor,
K1,Relay_SRD_12V,1,Forward/Reverse,
K2,Relay_SRD_12V,1,Forwrd/Reverse,
K3,Relay_SRD_12V,1,Enable,
Q1,TO-92_Inline_Wide,1,2N7000,
Q2,TO-92_Wide,1,2N7000,
"R1, R2",R_Axial_DIN0207_L6.3mm_D2.5mm_P7.62mm_Horizontal,2,120k,
R3,R_Axial_DIN0207_L6.3mm_D2.5mm_P7.62mm_Horizontal,1,1k,
SW1,JST_EH_B3B-EH-A_1x03_P2.50mm_Vertical,1,highLimit,
SW2,JST_EH_B3B-EH-A_1x03_P2.50mm_Vertical,1,lowLimit,
U1,NodeMCU1.0(12-E),1,NodeMCU1.0(ESP-12E),
U3,TO-220-3,1,MP2315 Module,
